2026-01-30T16:12:02.715275,INFO,auth,Cache hit
2026-01-30T16:12:02.916489,INFO,payment,Cache hit
2026-01-30T16:12:03.118917,INFO,payment,User login
2026-01-30T16:12:03.320186,ERROR,orders,Timeout
2026-01-30T16:12:03.520885,INFO,orders,User login
2026-01-30T16:12:03.721425,INFO,payment,Request OK
2026-01-30T16:12:03.922310,INFO,auth,Request OK
2026-01-30T16:12:04.123253,INFO,payment,Request OK
2026-01-30T16:12:04.324067,INFO,search,Request OK
2026-01-30T16:12:04.524757,INFO,orders,Request OK
2026-01-30T16:12:04.725642,WARN,payment,User login
2026-01-30T16:12:04.926270,ERROR,payment,DB failure
2026-01-30T16:12:05.127387,INFO,orders,Cache hit
2026-01-30T16:12:05.328167,INFO,payment,User login
2026-01-30T16:12:05.528909,INFO,payment,Request OK
2026-01-30T16:12:05.729825,INFO,orders,User login
2026-01-30T16:12:05.930375,INFO,search,Request OK
2026-01-30T16:12:06.131206,INFO,payment,User login
2026-01-30T16:12:06.331913,INFO,payment,Request OK
2026-01-30T16:12:06.532776,INFO,auth,Request OK
2026-01-30T16:12:06.734206,INFO,search,Request OK
2026-01-30T16:12:06.935400,INFO,orders,User login
2026-01-30T16:12:07.136319,INFO,search,Cache hit
2026-01-30T16:12:07.337590,INFO,search,User login
2026-01-30T16:12:07.538693,WARN,search,Request OK
2026-01-30T16:12:07.739386,INFO,orders,User login
2026-01-30T16:12:07.940068,INFO,auth,Request OK
2026-01-30T16:12:08.141053,INFO,payment,Request OK
2026-01-30T16:12:08.342903,INFO,orders,Cache hit
2026-01-30T16:12:08.543852,ERROR,search,DB failure
2026-01-30T16:12:08.744631,WARN,payment,User login
2026-01-30T16:12:08.945961,INFO,search,User login
2026-01-30T16:12:09.147884,ERROR,search,Timeout
2026-01-30T16:12:09.349126,WARN,orders,User login
2026-01-30T16:12:09.549924,INFO,search,Cache hit
2026-01-30T16:12:09.752022,INFO,orders,Request OK
2026-01-30T16:12:09.953344,ERROR,orders,Timeout
2026-01-30T16:12:10.154546,INFO,auth,User login
2026-01-30T16:12:10.355621,INFO,auth,Cache hit
2026-01-30T16:12:10.557042,INFO,orders,Cache hit
2026-01-30T16:12:10.757731,INFO,payment,Cache hit
2026-01-30T16:12:10.959520,ERROR,orders,Timeout
2026-01-30T16:12:11.161748,INFO,orders,Request OK
2026-01-30T16:12:11.363351,INFO,auth,User login
2026-01-30T16:12:11.564532,ERROR,search,Timeout
2026-01-30T16:12:11.766023,ERROR,auth,Timeout
2026-01-30T16:12:11.968618,INFO,auth,Request OK
2026-01-30T16:12:12.170240,WARN,orders,Cache hit
2026-01-30T16:12:12.372158,INFO,payment,Request OK
2026-01-30T16:12:12.573371,INFO,orders,Request OK
2026-01-30T16:12:12.775020,WARN,orders,Cache hit
2026-01-30T16:12:12.976499,INFO,payment,Cache hit
2026-01-30T16:12:13.178445,ERROR,search,DB failure
2026-01-30T16:12:13.379381,INFO,search,Cache hit
2026-01-30T16:12:13.580434,ERROR,auth,Null pointer
2026-01-30T16:12:13.782269,INFO,search,Request OK
2026-01-30T16:12:13.984566,WARN,payment,User login
2026-01-30T16:12:14.186084,INFO,orders,Cache hit
2026-01-30T16:12:14.387953,INFO,search,Request OK
2026-01-30T16:12:14.589139,INFO,payment,User login
2026-01-30T16:12:14.790130,INFO,payment,Request OK
2026-01-30T16:12:14.991698,INFO,orders,User login
2026-01-30T16:12:15.192583,ERROR,orders,Timeout
2026-01-30T16:12:15.393656,INFO,auth,Request OK
2026-01-30T16:12:15.594645,INFO,auth,Request OK
2026-01-30T16:12:15.795847,INFO,orders,Request OK
2026-01-30T16:12:15.997076,WARN,auth,User login
2026-01-30T16:12:16.198843,INFO,orders,Cache hit
2026-01-30T16:12:16.400217,WARN,payment,Cache hit
2026-01-30T16:12:16.601252,INFO,search,User login
2026-01-30T16:12:16.803046,INFO,payment,User login
2026-01-30T16:12:17.005007,INFO,payment,Request OK
2026-01-30T16:12:17.206488,WARN,auth,Request OK
2026-01-30T16:12:17.408676,INFO,orders,Request OK
2026-01-30T16:12:17.609739,ERROR,auth,DB failure
2026-01-30T16:12:17.811143,WARN,payment,Request OK
2026-01-30T16:12:18.012285,INFO,auth,Request OK
2026-01-30T16:12:18.214233,WARN,auth,User login
2026-01-30T16:12:18.415690,INFO,payment,Cache hit
2026-01-30T16:12:18.617110,ERROR,auth,DB failure
2026-01-30T16:12:18.819080,INFO,search,Cache hit
2026-01-30T16:12:19.021329,WARN,auth,Request OK
2026-01-30T16:12:19.223324,INFO,payment,Cache hit
2026-01-30T16:12:19.423970,INFO,search,User login
2026-01-30T16:12:19.624927,INFO,payment,User login
2026-01-30T16:12:19.826689,WARN,payment,Cache hit
2026-01-30T16:12:20.028045,INFO,auth,Request OK
2026-01-30T16:12:20.229342,INFO,orders,Request OK
2026-01-30T16:12:20.430322,INFO,orders,User login
2026-01-30T16:12:20.631886,WARN,search,User login
2026-01-30T16:12:20.833020,INFO,auth,User login
2026-01-30T16:12:21.034186,INFO,search,User login
2026-01-30T16:12:21.235225,INFO,auth,User login
2026-01-30T16:12:21.436225,INFO,orders,Request OK
2026-01-30T16:12:21.637795,INFO,payment,Request OK
2026-01-30T16:12:21.838552,INFO,search,User login
2026-01-30T16:12:22.039981,ERROR,search,Timeout
2026-01-30T16:12:22.240572,ERROR,orders,Null pointer
2026-01-30T16:12:22.441251,INFO,payment,Cache hit
2026-01-30T16:12:22.642070,INFO,auth,Request OK
2026-01-30T16:12:22.843270,INFO,auth,User login
2026-01-30T16:12:23.044791,INFO,orders,User login
2026-01-30T16:12:23.245860,INFO,auth,Cache hit
2026-01-30T16:12:23.446581,INFO,search,Request OK
2026-01-30T16:12:23.647503,ERROR,search,Null pointer
2026-01-30T16:12:23.848834,INFO,search,Cache hit
2026-01-30T16:12:24.050036,INFO,orders,User login
2026-01-30T16:12:24.251111,INFO,search,Cache hit
2026-01-30T16:12:24.451879,ERROR,orders,Null pointer
2026-01-30T16:12:24.652972,INFO,auth,Request OK
2026-01-30T16:12:24.854251,INFO,search,Cache hit
2026-01-30T16:12:25.055997,INFO,payment,Request OK
2026-01-30T16:12:25.257661,INFO,search,User login
2026-01-30T16:12:25.458349,INFO,payment,Request OK
2026-01-30T16:12:25.659508,INFO,payment,User login
2026-01-30T16:12:25.860298,INFO,search,Request OK
2026-01-30T16:12:26.061795,ERROR,auth,Null pointer
2026-01-30T16:12:26.262956,INFO,search,Cache hit
2026-01-30T16:12:26.463861,ERROR,orders,Null pointer
2026-01-30T16:12:26.665545,INFO,payment,Cache hit
2026-01-30T16:12:26.866797,INFO,auth,Request OK
2026-01-30T16:12:27.068145,ERROR,payment,Timeout
2026-01-30T16:12:27.269950,INFO,payment,Request OK
2026-01-30T16:12:27.471048,INFO,orders,Cache hit
2026-01-30T16:12:27.672558,INFO,orders,Request OK
2026-01-30T16:12:27.873352,INFO,orders,Request OK
2026-01-30T16:12:28.074639,ERROR,payment,Timeout
2026-01-30T16:12:28.276408,INFO,search,User login
2026-01-30T16:12:28.477672,INFO,search,Request OK
2026-01-30T16:12:28.678767,INFO,auth,Request OK
2026-01-30T16:12:28.880246,INFO,search,Request OK
2026-01-30T16:12:29.081302,WARN,auth,Request OK
2026-01-30T16:12:29.282488,INFO,orders,Cache hit
2026-01-30T16:12:29.483461,INFO,search,Cache hit
2026-01-30T16:12:29.684445,INFO,search,Cache hit
2026-01-30T16:12:29.885653,INFO,auth,User login
2026-01-30T16:12:30.086484,INFO,payment,Request OK
2026-01-30T16:12:30.288256,INFO,payment,Request OK
2026-01-30T16:12:30.489766,INFO,orders,Cache hit
2026-01-30T16:12:30.690488,INFO,search,Request OK
2026-01-30T16:12:30.891673,INFO,search,Cache hit
2026-01-30T16:12:31.092368,WARN,auth,Request OK
2026-01-30T16:12:31.294344,INFO,search,Cache hit
2026-01-30T16:12:31.495717,INFO,auth,Request OK
2026-01-30T16:12:31.697055,INFO,orders,User login
2026-01-30T16:12:31.898080,WARN,orders,Request OK
2026-01-30T16:12:32.098891,INFO,payment,User login
2026-01-30T16:12:32.299983,INFO,auth,Request OK
2026-01-30T16:12:32.500668,WARN,auth,Cache hit
2026-01-30T16:12:32.701713,INFO,orders,Request OK
2026-01-30T16:12:32.902313,INFO,orders,Cache hit
2026-01-30T16:12:33.103388,WARN,auth,Request OK
2026-01-30T16:12:33.303963,INFO,auth,Cache hit
2026-01-30T16:12:33.505026,WARN,search,User login
2026-01-30T16:12:33.707628,INFO,payment,Request OK
2026-01-30T16:12:33.908812,INFO,search,Cache hit
2026-01-30T16:12:34.109827,INFO,orders,Cache hit
2026-01-30T16:12:34.310772,INFO,payment,Cache hit
2026-01-30T16:12:34.512134,INFO,payment,Request OK
2026-01-30T16:12:34.713335,WARN,auth,Request OK
2026-01-30T16:12:34.914956,INFO,auth,Cache hit
2026-01-30T16:12:35.115889,INFO,payment,Cache hit
2026-01-30T16:12:35.316725,INFO,auth,Request OK
2026-01-30T16:12:35.519010,INFO,search,Cache hit
2026-01-30T16:12:35.720786,WARN,auth,Cache hit
2026-01-30T16:12:35.922802,ERROR,search,Timeout
2026-01-30T16:12:36.124574,INFO,search,Cache hit
2026-01-30T16:12:36.325106,INFO,payment,User login
2026-01-30T16:12:36.525980,INFO,payment,Request OK
2026-01-30T16:12:36.727017,ERROR,orders,Timeout
2026-01-30T16:12:36.927552,INFO,auth,Request OK
2026-01-30T16:12:37.128700,ERROR,search,Null pointer
2026-01-30T16:12:37.329744,ERROR,search,Null pointer
2026-01-30T16:12:37.530890,INFO,orders,Request OK
2026-01-30T16:12:37.732107,INFO,search,User login
2026-01-30T16:12:37.933012,INFO,search,Cache hit
2026-01-30T16:12:38.135010,INFO,auth,Request OK
2026-01-30T16:12:38.336483,INFO,auth,Request OK
2026-01-30T16:12:38.537229,INFO,orders,Cache hit
2026-01-30T16:12:38.738436,INFO,auth,User login
2026-01-30T16:12:38.939411,ERROR,search,Timeout
2026-01-30T16:12:39.140833,ERROR,payment,DB failure
2026-01-30T16:12:39.341739,INFO,search,User login
2026-01-30T16:12:39.542767,ERROR,auth,Null pointer
2026-01-30T16:12:39.744918,WARN,auth,Cache hit
2026-01-30T16:12:39.946898,INFO,auth,User login
2026-01-30T16:12:40.148766,INFO,orders,User login
2026-01-30T16:12:40.349745,INFO,orders,Cache hit
2026-01-30T16:12:40.550956,INFO,search,User login
2026-01-30T16:12:40.752021,INFO,search,Request OK
2026-01-30T16:12:40.953552,INFO,search,Cache hit
2026-01-30T16:12:41.154957,INFO,orders,User login
2026-01-30T16:12:41.355998,INFO,auth,Cache hit
2026-01-30T16:12:41.557364,INFO,payment,User login
2026-01-30T16:12:41.758848,INFO,orders,Cache hit
2026-01-30T16:12:41.960288,INFO,search,Request OK
2026-01-30T16:12:42.161991,WARN,auth,User login
2026-01-30T16:12:42.362675,INFO,search,User login
2026-01-30T16:12:42.563361,INFO,auth,Cache hit
2026-01-30T16:12:42.764222,INFO,orders,User login
2026-01-30T16:12:42.965385,INFO,search,Request OK
2026-01-30T16:12:43.166271,ERROR,auth,Timeout
2026-01-30T16:12:43.367233,INFO,auth,Request OK
2026-01-30T16:12:43.568446,INFO,auth,User login
2026-01-30T16:12:43.769686,INFO,auth,Cache hit
2026-01-30T16:12:43.970899,INFO,orders,Cache hit
2026-01-30T16:12:44.172174,WARN,search,User login
2026-01-30T16:12:44.373578,INFO,auth,Request OK
2026-01-30T16:12:44.574129,INFO,payment,Request OK
2026-01-30T16:12:44.775180,INFO,auth,Cache hit
2026-01-30T16:12:44.976565,INFO,search,User login
2026-01-30T16:12:45.177581,INFO,orders,User login
2026-01-30T16:12:45.379054,INFO,auth,User login
2026-01-30T16:12:45.580252,INFO,orders,Request OK
2026-01-30T16:12:45.781060,ERROR,auth,DB failure
2026-01-30T16:12:45.982158,INFO,orders,Request OK
2026-01-30T16:12:46.183914,INFO,search,User login
2026-01-30T16:12:46.385084,INFO,orders,Request OK
2026-01-30T16:12:46.586155,INFO,search,Request OK
2026-01-30T16:12:46.787338,INFO,orders,Request OK
2026-01-30T16:12:46.987848,INFO,search,Cache hit
2026-01-30T16:12:47.189682,INFO,payment,Request OK
2026-01-30T16:12:47.391354,INFO,orders,Request OK
2026-01-30T16:12:47.592523,INFO,payment,User login
2026-01-30T16:12:47.793240,INFO,orders,User login
2026-01-30T16:12:47.994261,INFO,orders,Cache hit
2026-01-30T16:12:48.195100,INFO,payment,User login
2026-01-30T16:12:48.396237,INFO,search,Cache hit
2026-01-30T16:12:48.597326,INFO,orders,User login
2026-01-30T16:12:48.798158,INFO,search,User login
2026-01-30T16:12:48.999168,INFO,orders,Request OK
2026-01-30T16:12:49.200368,INFO,auth,Request OK
2026-01-30T16:12:49.402702,INFO,search,User login
2026-01-30T16:12:49.603721,INFO,search,Cache hit
2026-01-30T16:12:49.805682,INFO,orders,Cache hit
2026-01-30T16:12:50.007796,INFO,payment,Cache hit
2026-01-30T16:12:50.209157,INFO,payment,Cache hit
2026-01-30T16:12:50.411180,INFO,payment,Cache hit
2026-01-30T16:12:50.612288,WARN,orders,Cache hit
2026-01-30T16:12:50.813164,INFO,orders,Cache hit
2026-01-30T16:12:51.016068,WARN,search,User login
2026-01-30T16:12:51.217331,INFO,orders,User login
2026-01-30T16:12:51.418406,INFO,search,Request OK
2026-01-30T16:12:51.619734,INFO,orders,Request OK
2026-01-30T16:12:51.821212,INFO,payment,Cache hit
2026-01-30T16:12:52.022082,INFO,orders,Request OK
2026-01-30T16:12:52.222768,ERROR,search,Null pointer
2026-01-30T16:12:52.423440,INFO,orders,Cache hit
2026-01-30T16:12:52.625103,INFO,search,Cache hit
2026-01-30T16:12:52.826273,ERROR,orders,DB failure
2026-01-30T16:12:53.028207,ERROR,search,DB failure
2026-01-30T16:12:53.229077,INFO,orders,Cache hit
2026-01-30T16:12:53.429984,INFO,auth,User login
2026-01-30T16:12:53.631091,INFO,payment,Request OK
2026-01-30T16:12:53.832467,INFO,orders,Request OK
2026-01-30T16:12:54.034642,INFO,payment,User login
2026-01-30T16:12:54.236096,INFO,auth,Cache hit
2026-01-30T16:12:54.437269,INFO,auth,User login
2026-01-30T16:12:54.639378,INFO,payment,User login
2026-01-30T16:12:54.840021,INFO,auth,User login
2026-01-30T16:12:55.040812,ERROR,payment,DB failure
2026-01-30T16:12:55.242072,INFO,search,User login
2026-01-30T16:12:55.443693,WARN,orders,User login
2026-01-30T16:12:55.645168,INFO,search,User login
2026-01-30T16:12:55.846766,WARN,auth,Request OK
2026-01-30T16:12:56.048831,ERROR,auth,DB failure
2026-01-30T16:12:56.249925,INFO,orders,User login
2026-01-30T16:12:56.450691,INFO,search,User login
2026-01-30T16:12:56.652466,INFO,auth,Request OK
2026-01-30T16:12:56.853594,WARN,search,Cache hit
2026-01-30T16:12:57.054776,INFO,payment,User login
2026-01-30T16:12:57.256071,INFO,payment,User login
2026-01-30T16:12:57.457825,INFO,orders,Request OK
2026-01-30T16:12:57.658668,INFO,search,Request OK
2026-01-30T16:12:57.859463,INFO,search,Cache hit
2026-01-30T16:12:58.060448,INFO,search,User login
2026-01-30T16:12:58.261288,ERROR,search,Timeout
2026-01-30T16:12:58.462549,INFO,payment,Request OK
2026-01-30T16:12:58.664456,ERROR,search,Timeout
2026-01-30T16:12:58.865407,ERROR,search,DB failure
2026-01-30T16:12:59.066361,INFO,search,Request OK
2026-01-30T16:12:59.267616,INFO,orders,User login
2026-01-30T16:12:59.469018,INFO,auth,Cache hit
2026-01-30T16:12:59.670939,ERROR,payment,DB failure
2026-01-30T16:12:59.871407,INFO,payment,Request OK
2026-01-30T16:13:00.072104,INFO,orders,User login
2026-01-30T16:13:00.272802,INFO,auth,Cache hit
2026-01-30T16:13:00.475308,INFO,search,Cache hit
2026-01-30T16:13:00.676259,INFO,payment,Cache hit
2026-01-30T16:13:00.877776,INFO,search,Request OK
2026-01-30T16:13:01.079004,INFO,orders,Request OK
2026-01-30T16:13:01.279554,INFO,payment,Request OK
2026-01-30T16:13:01.480884,INFO,search,User login
2026-01-30T16:13:01.681776,INFO,orders,Request OK
2026-01-30T16:13:01.882930,INFO,orders,Request OK
2026-01-30T16:13:02.085173,INFO,search,Cache hit
2026-01-30T16:13:02.286742,INFO,search,Cache hit
2026-01-30T16:13:02.487680,WARN,auth,Cache hit
2026-01-30T16:13:02.688455,INFO,payment,User login
2026-01-30T16:13:02.889397,INFO,search,Request OK
2026-01-30T16:13:03.090684,INFO,payment,Request OK
2026-01-30T16:13:03.291475,INFO,orders,Request OK
2026-01-30T16:13:03.492884,INFO,orders,Request OK
2026-01-30T16:13:03.693610,ERROR,search,Null pointer
2026-01-30T16:13:03.894945,INFO,search,User login
2026-01-30T16:13:04.095847,INFO,search,Cache hit
2026-01-30T16:13:04.298006,INFO,orders,Request OK
2026-01-30T16:13:04.499667,INFO,search,User login
2026-01-30T16:13:04.700973,INFO,payment,Request OK
2026-01-30T16:13:04.903029,INFO,search,Cache hit
2026-01-30T16:13:05.104223,INFO,search,User login
2026-01-30T16:13:05.305576,INFO,orders,Request OK
2026-01-30T16:13:05.506930,INFO,orders,User login
2026-01-30T16:13:05.708166,INFO,orders,Cache hit
2026-01-30T16:13:05.909288,INFO,payment,Cache hit
2026-01-30T16:13:06.112101,INFO,payment,User login
2026-01-30T16:13:06.312939,INFO,orders,Request OK
2026-01-30T16:13:06.514149,INFO,payment,Request OK
2026-01-30T16:13:06.715290,INFO,auth,User login
2026-01-30T16:13:06.916236,INFO,search,Request OK
2026-01-30T16:13:07.117218,INFO,payment,User login
2026-01-30T16:13:07.318705,INFO,auth,Cache hit
2026-01-30T16:13:07.519320,INFO,orders,Request OK
2026-01-30T16:13:07.720425,WARN,auth,Cache hit
2026-01-30T16:13:07.921420,INFO,orders,Cache hit
2026-01-30T16:13:08.122587,INFO,search,Request OK
2026-01-30T16:13:08.323536,INFO,auth,Request OK
2026-01-30T16:13:08.525045,INFO,search,Cache hit
2026-01-30T16:13:08.726518,INFO,payment,Request OK
2026-01-30T16:13:08.927191,INFO,search,Cache hit
2026-01-30T16:13:09.128746,INFO,orders,Request OK
2026-01-30T16:13:09.329935,INFO,orders,User login
2026-01-30T16:13:09.530998,INFO,auth,User login
2026-01-30T16:13:09.731975,WARN,orders,Request OK
2026-01-30T16:13:09.933266,ERROR,search,DB failure
2026-01-30T16:13:10.134385,INFO,payment,Request OK
2026-01-30T16:13:10.335280,INFO,payment,User login
2026-01-30T16:13:10.536340,INFO,orders,User login
2026-01-30T16:13:10.737560,INFO,orders,Request OK
2026-01-30T16:13:10.938922,INFO,auth,Cache hit
2026-01-30T16:13:11.140371,WARN,orders,Cache hit
2026-01-30T16:13:11.341399,WARN,orders,Cache hit
2026-01-30T16:13:11.542398,INFO,orders,Cache hit
2026-01-30T16:13:11.743077,INFO,payment,Request OK
2026-01-30T16:13:11.944552,INFO,payment,User login
2026-01-30T16:13:12.145572,INFO,auth,Cache hit
2026-01-30T16:13:12.347031,INFO,search,Request OK
2026-01-30T16:13:12.547947,ERROR,search,Timeout
2026-01-30T16:13:12.748973,INFO,search,Request OK
2026-01-30T16:13:12.950807,INFO,search,User login
2026-01-30T16:13:13.151957,WARN,search,Request OK
2026-01-30T16:13:13.352482,INFO,search,Request OK
2026-01-30T16:13:13.553709,INFO,auth,Request OK
2026-01-30T16:13:13.754272,INFO,search,Request OK
2026-01-30T16:13:13.955372,INFO,orders,Request OK
2026-01-30T16:13:14.156176,INFO,search,User login
2026-01-30T16:13:14.357746,INFO,payment,User login
2026-01-30T16:13:14.559182,INFO,auth,Cache hit
2026-01-30T16:13:14.760482,INFO,auth,User login
2026-01-30T16:13:14.961326,INFO,payment,Cache hit
2026-01-30T16:13:15.162059,INFO,orders,Request OK
2026-01-30T16:13:15.363233,INFO,auth,User login
2026-01-30T16:13:15.564019,WARN,payment,Request OK
2026-01-30T16:13:15.765401,INFO,search,Cache hit
2026-01-30T16:13:15.966612,WARN,auth,Cache hit
2026-01-30T16:13:16.168332,INFO,search,Request OK
2026-01-30T16:13:16.368848,INFO,search,Cache hit
2026-01-30T16:13:16.570521,INFO,payment,User login
2026-01-30T16:13:16.772373,INFO,auth,Cache hit
2026-01-30T16:13:16.973811,ERROR,orders,DB failure
2026-01-30T16:13:17.175582,WARN,orders,User login
2026-01-30T16:13:17.377234,INFO,search,Request OK
2026-01-30T16:13:17.578490,INFO,orders,Cache hit
2026-01-30T16:13:17.780717,INFO,orders,Cache hit
2026-01-30T16:13:17.982405,INFO,orders,User login
2026-01-30T16:13:18.184255,ERROR,auth,Timeout
2026-01-30T16:13:18.385757,INFO,payment,Cache hit
2026-01-30T16:13:18.586711,INFO,auth,User login
2026-01-30T16:13:18.788430,INFO,payment,User login
2026-01-30T16:13:18.989417,INFO,orders,Request OK
2026-01-30T16:13:19.192065,INFO,payment,Request OK
2026-01-30T16:13:19.393859,INFO,payment,Request OK
2026-01-30T16:13:19.596159,WARN,orders,User login
2026-01-30T16:13:19.797398,INFO,search,User login
2026-01-30T16:13:19.998750,INFO,payment,Cache hit
2026-01-30T16:13:20.200637,WARN,auth,Cache hit
2026-01-30T16:13:20.403712,INFO,payment,Request OK
2026-01-30T16:13:20.605695,INFO,payment,Cache hit
2026-01-30T16:13:20.807023,WARN,orders,Cache hit
2026-01-30T16:13:21.009158,INFO,payment,Cache hit
2026-01-30T16:13:21.210252,WARN,search,User login
2026-01-30T16:13:21.411662,WARN,payment,Cache hit
2026-01-30T16:13:21.613101,INFO,search,Cache hit
2026-01-30T16:13:21.814721,ERROR,payment,Null pointer
2026-01-30T16:13:22.015474,INFO,payment,Request OK
2026-01-30T16:13:22.216944,INFO,auth,User login
2026-01-30T16:13:22.418072,INFO,payment,Request OK
2026-01-30T16:13:22.619630,ERROR,orders,Timeout
2026-01-30T16:13:22.820568,ERROR,orders,Null pointer
2026-01-30T16:13:23.022121,INFO,search,User login
2026-01-30T16:13:23.224052,WARN,search,User login
2026-01-30T16:13:23.425695,INFO,payment,User login
2026-01-30T16:13:23.626555,INFO,payment,User login
2026-01-30T16:13:23.829202,INFO,search,User login
2026-01-30T16:13:24.030616,INFO,payment,Cache hit
2026-01-30T16:13:24.231649,INFO,auth,User login
2026-01-30T16:13:24.432775,INFO,orders,User login
2026-01-30T16:13:24.633618,INFO,auth,Cache hit
2026-01-30T16:13:24.834859,WARN,auth,User login
2026-01-30T16:13:25.036131,INFO,orders,Cache hit
2026-01-30T16:13:25.238647,INFO,orders,User login
2026-01-30T16:13:25.440056,INFO,orders,Cache hit
2026-01-30T16:13:25.641814,INFO,search,User login
2026-01-30T16:13:25.842624,WARN,auth,Request OK
2026-01-30T16:13:26.043388,INFO,auth,Request OK
2026-01-30T16:13:26.243937,ERROR,payment,Null pointer
2026-01-30T16:13:26.444797,WARN,payment,Request OK
2026-01-30T16:13:26.646152,INFO,auth,Cache hit
2026-01-30T16:13:26.847136,INFO,orders,Cache hit
2026-01-30T16:13:27.049314,INFO,auth,Cache hit
2026-01-30T16:13:27.250707,INFO,orders,User login
2026-01-30T16:13:27.452183,INFO,payment,Request OK
2026-01-30T16:13:27.653369,INFO,orders,Cache hit
2026-01-30T16:13:27.854271,INFO,search,Cache hit
2026-01-30T16:13:28.055230,INFO,orders,Cache hit
2026-01-30T16:13:28.256403,INFO,payment,User login
2026-01-30T16:13:28.457850,WARN,payment,Cache hit
2026-01-30T16:13:28.659571,INFO,auth,User login
2026-01-30T16:13:28.861831,INFO,search,User login
2026-01-30T16:13:29.062844,INFO,auth,Cache hit
2026-01-30T16:13:29.263560,INFO,auth,Cache hit
2026-01-30T16:13:29.465998,INFO,search,Cache hit
2026-01-30T16:13:29.666849,WARN,auth,User login
2026-01-30T16:13:29.867784,INFO,payment,User login
2026-01-30T16:13:30.069222,INFO,search,User login
2026-01-30T16:13:30.270672,INFO,auth,Cache hit
2026-01-30T16:13:30.472298,INFO,search,User login
2026-01-30T16:13:30.673430,INFO,orders,User login
2026-01-30T16:13:30.874272,INFO,orders,User login
2026-01-30T16:13:31.075926,INFO,payment,User login
2026-01-30T16:13:31.277247,WARN,payment,Cache hit
2026-01-30T16:13:31.477961,INFO,orders,Request OK
2026-01-30T16:13:31.679095,INFO,payment,Request OK
2026-01-30T16:13:31.880136,INFO,orders,Request OK
2026-01-30T16:13:32.082139,ERROR,auth,DB failure
2026-01-30T16:13:32.283108,ERROR,auth,DB failure
2026-01-30T16:13:32.484255,INFO,orders,Cache hit
2026-01-30T16:13:32.685799,INFO,auth,User login
2026-01-30T16:13:32.886341,INFO,payment,User login
2026-01-30T16:13:33.088280,INFO,auth,User login
2026-01-30T16:13:33.288857,INFO,auth,Request OK
2026-01-30T16:13:33.490337,INFO,search,Request OK
2026-01-30T16:13:33.691413,INFO,search,Request OK
2026-01-30T16:13:33.892145,INFO,payment,Cache hit
2026-01-30T16:13:34.093192,INFO,auth,User login
2026-01-30T16:13:34.294091,INFO,auth,Request OK
2026-01-30T16:13:34.495356,INFO,orders,Request OK
2026-01-30T16:13:34.696734,INFO,orders,Request OK
2026-01-30T16:13:34.897919,ERROR,orders,Timeout
2026-01-30T16:13:35.099212,INFO,orders,Request OK
2026-01-30T16:13:35.301111,ERROR,auth,Null pointer
2026-01-30T16:13:35.502851,INFO,search,Request OK
2026-01-30T16:13:35.703612,INFO,auth,Request OK
2026-01-30T16:13:35.904503,INFO,payment,Request OK
2026-01-30T16:13:36.105225,INFO,orders,User login
2026-01-30T16:13:36.305644,INFO,auth,Request OK
2026-01-30T16:13:36.506703,INFO,payment,User login
2026-01-30T16:13:36.707275,ERROR,auth,Null pointer
2026-01-30T16:13:36.908295,INFO,orders,Request OK
2026-01-30T16:13:37.109034,INFO,payment,User login
2026-01-30T16:13:37.310156,INFO,orders,Cache hit
2026-01-30T16:13:37.511235,ERROR,orders,Null pointer
2026-01-30T16:13:37.712284,INFO,search,User login
2026-01-30T16:13:37.912817,WARN,auth,Request OK
2026-01-30T16:13:38.113489,INFO,search,User login
2026-01-30T16:13:38.314303,INFO,payment,Cache hit
2026-01-30T16:13:38.515231,WARN,search,User login
2026-01-30T16:13:38.716747,INFO,orders,Cache hit
2026-01-30T16:13:38.917722,INFO,auth,Cache hit
2026-01-30T16:13:39.118483,INFO,orders,Cache hit
2026-01-30T16:13:39.319441,INFO,orders,Cache hit
2026-01-30T16:13:39.520345,INFO,payment,Cache hit
2026-01-30T16:13:39.721188,INFO,auth,Cache hit
2026-01-30T16:13:39.921874,INFO,search,Cache hit
2026-01-30T16:13:40.123239,ERROR,auth,DB failure
2026-01-30T16:13:40.324179,INFO,search,Request OK
2026-01-30T16:13:40.525431,INFO,orders,Request OK
2026-01-30T16:13:40.727539,INFO,orders,Request OK
2026-01-30T16:13:40.928460,INFO,search,User login
2026-01-30T16:13:41.129341,INFO,search,Request OK
2026-01-30T16:13:41.330054,INFO,auth,User login
2026-01-30T16:13:41.530817,INFO,orders,Cache hit
2026-01-30T16:13:41.731360,INFO,payment,User login
2026-01-30T16:13:41.932264,INFO,search,Cache hit
2026-01-30T16:13:42.132831,INFO,orders,User login
2026-01-30T16:13:42.333738,INFO,search,Cache hit
2026-01-30T16:13:42.534709,INFO,auth,User login
2026-01-30T16:13:42.735892,WARN,payment,User login
2026-01-30T16:13:42.936629,INFO,orders,Request OK
2026-01-30T16:13:43.137350,INFO,search,Request OK
2026-01-30T16:13:43.338757,INFO,orders,User login
2026-01-30T16:13:43.540689,INFO,search,User login
2026-01-30T16:13:43.742018,INFO,search,Cache hit
2026-01-30T16:13:43.943207,INFO,payment,Request OK
2026-01-30T16:13:44.144749,INFO,orders,Request OK
2026-01-30T16:13:44.345530,INFO,payment,Cache hit
2026-01-30T16:13:44.546460,INFO,auth,Cache hit
2026-01-30T16:13:44.746981,INFO,orders,Request OK
2026-01-30T16:13:44.947857,INFO,search,User login
2026-01-30T16:13:45.148531,INFO,search,Request OK
2026-01-30T16:13:45.349392,WARN,auth,Cache hit
2026-01-30T16:13:45.550443,INFO,auth,Cache hit
2026-01-30T16:13:45.751915,WARN,auth,Request OK
2026-01-30T16:13:45.953789,INFO,search,Cache hit
2026-01-30T16:13:46.154531,INFO,auth,User login
2026-01-30T16:13:46.355992,INFO,orders,Request OK
2026-01-30T16:13:46.557579,INFO,payment,User login
2026-01-30T16:13:46.758475,ERROR,payment,Null pointer
2026-01-30T16:13:46.959390,INFO,auth,User login
2026-01-30T16:13:47.160371,INFO,payment,Cache hit
2026-01-30T16:13:47.360930,INFO,auth,User login
2026-01-30T16:13:47.562032,INFO,orders,Cache hit
2026-01-30T16:13:47.762977,INFO,auth,User login
2026-01-30T16:13:47.963854,INFO,auth,Request OK
2026-01-30T16:13:48.165225,INFO,payment,Cache hit
2026-01-30T16:13:48.366765,INFO,payment,Cache hit
2026-01-30T16:13:48.567864,WARN,payment,Request OK
2026-01-30T16:13:48.769251,ERROR,orders,DB failure
2026-01-30T16:13:48.970068,INFO,search,Cache hit
2026-01-30T16:13:49.170755,INFO,auth,Cache hit
2026-01-30T16:13:49.372785,INFO,orders,Cache hit
2026-01-30T16:13:49.574394,INFO,search,User login
2026-01-30T16:13:49.775963,INFO,search,User login
2026-01-30T16:13:49.976880,INFO,orders,Request OK
2026-01-30T16:13:50.178574,INFO,search,Request OK
2026-01-30T16:13:50.379898,INFO,orders,Cache hit
2026-01-30T16:13:50.580881,WARN,payment,Request OK
2026-01-30T16:13:50.781512,INFO,search,User login
2026-01-30T16:13:50.982721,INFO,payment,Request OK
2026-01-30T16:13:51.184168,INFO,auth,Cache hit
2026-01-30T16:13:51.385486,INFO,auth,Cache hit
2026-01-30T16:13:51.586264,INFO,auth,Request OK
2026-01-30T16:13:51.787433,INFO,auth,Request OK
2026-01-30T16:13:51.990075,INFO,orders,Cache hit
2026-01-30T16:13:52.192015,INFO,auth,Request OK
2026-01-30T16:13:52.393989,INFO,orders,User login
2026-01-30T16:13:52.596075,INFO,auth,Request OK
2026-01-30T16:13:52.797337,INFO,auth,Request OK
2026-01-30T16:13:52.998603,INFO,payment,Cache hit
2026-01-30T16:13:53.199907,INFO,orders,User login
2026-01-30T16:13:53.401139,INFO,auth,Request OK
2026-01-30T16:13:53.602319,INFO,orders,User login
2026-01-30T16:13:53.804027,INFO,auth,User login
2026-01-30T16:13:54.006793,INFO,search,Cache hit
2026-01-30T16:13:54.208038,INFO,payment,Cache hit
2026-01-30T16:13:54.408526,WARN,payment,Request OK
2026-01-30T16:13:54.609643,INFO,payment,Cache hit
2026-01-30T16:13:54.810858,INFO,search,User login
2026-01-30T16:13:55.012382,INFO,search,User login
2026-01-30T16:13:55.213912,INFO,orders,Cache hit
2026-01-30T16:13:55.415196,INFO,search,Cache hit
2026-01-30T16:13:55.616771,INFO,payment,Request OK
2026-01-30T16:13:55.818306,INFO,search,User login
2026-01-30T16:13:56.019866,ERROR,search,DB failure
2026-01-30T16:13:56.221306,ERROR,auth,Null pointer
2026-01-30T16:13:56.423382,INFO,auth,User login
2026-01-30T16:13:56.623962,INFO,search,User login
2026-01-30T16:13:56.825134,INFO,auth,User login
2026-01-30T16:13:57.026264,INFO,payment,Request OK
2026-01-30T16:13:57.227300,INFO,auth,User login
2026-01-30T16:13:57.428646,ERROR,auth,Null pointer
2026-01-30T16:13:57.629614,INFO,search,Request OK
2026-01-30T16:13:57.830348,INFO,orders,Request OK
2026-01-30T16:13:58.030864,INFO,auth,Request OK
2026-01-30T16:13:58.231746,INFO,orders,Cache hit
2026-01-30T16:13:58.432904,INFO,orders,User login
2026-01-30T16:13:58.633415,WARN,auth,User login
2026-01-30T16:13:58.834440,INFO,auth,Request OK
2026-01-30T16:13:59.035311,INFO,search,Cache hit
2026-01-30T16:13:59.236220,INFO,orders,Request OK
2026-01-30T16:13:59.436873,INFO,auth,User login
2026-01-30T16:13:59.637559,ERROR,orders,Null pointer
2026-01-30T16:13:59.838070,INFO,auth,User login
2026-01-30T16:14:00.038949,INFO,auth,Request OK
2026-01-30T16:14:00.239380,INFO,auth,Request OK
2026-01-30T16:14:00.440379,INFO,search,Cache hit
2026-01-30T16:14:00.641068,INFO,payment,Request OK
2026-01-30T16:14:00.841647,WARN,auth,Cache hit
2026-01-30T16:14:01.043038,INFO,search,Cache hit
2026-01-30T16:14:01.243583,INFO,search,Cache hit
2026-01-30T16:14:01.444459,INFO,payment,Request OK
2026-01-30T16:14:01.644986,ERROR,payment,DB failure
2026-01-30T16:14:01.845856,INFO,search,Request OK
2026-01-30T16:14:02.046482,INFO,search,Cache hit
2026-01-30T16:14:02.247309,INFO,payment,Cache hit
2026-01-30T16:14:02.448225,INFO,payment,User login
2026-01-30T16:14:02.649823,WARN,payment,Request OK
2026-01-30T16:14:02.850655,INFO,search,Cache hit
2026-01-30T16:14:03.052228,INFO,search,User login
2026-01-30T16:14:03.253657,INFO,payment,User login
2026-01-30T16:14:03.454792,INFO,search,Cache hit
2026-01-30T16:14:03.657057,WARN,search,Cache hit
2026-01-30T16:14:03.857890,INFO,search,User login
2026-01-30T16:14:04.058743,INFO,payment,Cache hit
2026-01-30T16:14:04.260082,ERROR,search,Null pointer
2026-01-30T16:14:04.461231,INFO,orders,Cache hit
2026-01-30T16:14:04.663374,INFO,payment,User login
2026-01-30T16:14:04.864445,INFO,payment,User login
2026-01-30T16:14:05.065656,WARN,auth,Request OK
2026-01-30T16:14:05.266649,INFO,search,Cache hit
2026-01-30T16:14:05.468354,INFO,orders,Cache hit
2026-01-30T16:14:05.669723,WARN,auth,Request OK
2026-01-30T16:14:05.870810,WARN,payment,User login
2026-01-30T16:14:06.071980,ERROR,search,Timeout
2026-01-30T16:14:06.273022,INFO,orders,User login
2026-01-30T16:14:06.473984,WARN,orders,Request OK
2026-01-30T16:14:06.675368,INFO,payment,User login
2026-01-30T16:14:06.876995,INFO,auth,Cache hit
2026-01-30T16:14:07.078232,INFO,payment,Cache hit
2026-01-30T16:14:07.279533,INFO,payment,User login
2026-01-30T16:14:07.482404,INFO,payment,Cache hit
2026-01-30T16:14:07.684092,INFO,auth,User login
2026-01-30T16:14:07.884650,INFO,orders,User login
2026-01-30T16:14:08.085840,INFO,orders,User login
2026-01-30T16:14:08.286751,WARN,auth,Cache hit
2026-01-30T16:14:08.487793,ERROR,payment,DB failure
2026-01-30T16:14:08.688633,INFO,payment,User login
2026-01-30T16:14:08.889620,INFO,search,Cache hit
2026-01-30T16:14:09.090421,INFO,search,User login
2026-01-30T16:14:09.291773,INFO,search,Cache hit
2026-01-30T16:14:09.492673,INFO,search,Cache hit
2026-01-30T16:14:09.693998,INFO,search,Cache hit
2026-01-30T16:14:09.894924,INFO,auth,Cache hit
2026-01-30T16:14:10.096948,INFO,search,User login
2026-01-30T16:14:10.297848,INFO,payment,Cache hit
2026-01-30T16:14:10.498629,INFO,payment,Cache hit
2026-01-30T16:14:10.699635,INFO,auth,Cache hit
2026-01-30T16:14:10.900281,WARN,orders,Request OK
2026-01-30T16:14:11.101066,INFO,auth,User login
2026-01-30T16:14:11.301859,INFO,search,User login
2026-01-30T16:14:11.502898,ERROR,search,Null pointer
2026-01-30T16:14:11.704004,INFO,auth,User login
2026-01-30T16:14:11.905508,WARN,orders,Cache hit
2026-01-30T16:14:12.106236,INFO,payment,User login
2026-01-30T16:14:12.307122,INFO,search,Cache hit
2026-01-30T16:14:12.508439,ERROR,auth,Timeout
2026-01-30T16:14:12.709359,INFO,search,Cache hit
2026-01-30T16:14:12.910048,INFO,auth,User login
2026-01-30T16:14:13.110881,INFO,payment,Request OK
2026-01-30T16:14:13.311945,INFO,search,Cache hit
2026-01-30T16:14:13.513509,INFO,search,Cache hit
2026-01-30T16:14:13.714426,INFO,orders,Request OK
2026-01-30T16:14:13.915315,WARN,auth,User login
2026-01-30T16:14:14.116194,INFO,search,Cache hit
2026-01-30T16:14:14.316952,INFO,search,Request OK
2026-01-30T16:14:14.518008,WARN,search,User login
2026-01-30T16:14:14.719122,INFO,payment,Cache hit
2026-01-30T16:14:14.920518,INFO,search,Cache hit
2026-01-30T16:14:15.121578,INFO,payment,User login
2026-01-30T16:14:15.322327,INFO,orders,Cache hit
2026-01-30T16:14:15.523431,INFO,auth,Cache hit
2026-01-30T16:14:15.724917,INFO,auth,Cache hit
2026-01-30T16:14:15.926139,ERROR,auth,Timeout
2026-01-30T16:14:16.127057,INFO,auth,User login
2026-01-30T16:14:16.328029,INFO,orders,Cache hit
2026-01-30T16:14:16.529048,INFO,payment,Cache hit
2026-01-30T16:14:16.730079,INFO,search,Cache hit
2026-01-30T16:14:16.931161,ERROR,orders,DB failure
2026-01-30T16:14:17.131861,INFO,orders,Request OK
2026-01-30T16:14:17.333066,INFO,payment,Request OK
2026-01-30T16:14:17.533933,INFO,auth,Request OK
2026-01-30T16:14:17.734770,INFO,orders,Cache hit
2026-01-30T16:14:17.936098,INFO,search,Request OK
2026-01-30T16:14:18.136757,INFO,orders,User login
2026-01-30T16:14:18.337422,INFO,auth,Request OK
2026-01-30T16:14:18.538471,INFO,auth,Cache hit
2026-01-30T16:14:18.739313,INFO,auth,Request OK
2026-01-30T16:14:18.940171,INFO,auth,Cache hit
2026-01-30T16:14:19.140906,INFO,orders,User login
2026-01-30T16:14:19.341667,ERROR,payment,Timeout
2026-01-30T16:14:19.542699,INFO,auth,Request OK
2026-01-30T16:14:19.743650,ERROR,search,DB failure
2026-01-30T16:14:19.945536,ERROR,payment,DB failure
2026-01-30T16:14:20.147166,INFO,auth,User login
2026-01-30T16:14:20.347911,INFO,search,Cache hit
2026-01-30T16:14:20.548650,INFO,orders,Cache hit
2026-01-30T16:14:20.749757,INFO,orders,Cache hit
2026-01-30T16:14:20.950443,INFO,auth,User login
2026-01-30T16:14:21.151284,INFO,orders,Cache hit
2026-01-30T16:14:21.352216,ERROR,search,Null pointer
2026-01-30T16:14:21.552890,INFO,payment,Request OK
2026-01-30T16:14:21.753820,INFO,auth,Cache hit
2026-01-30T16:14:21.954915,INFO,orders,Cache hit
2026-01-30T16:14:22.155993,INFO,search,Request OK
2026-01-30T16:14:22.356837,INFO,auth,Cache hit
2026-01-30T16:14:22.558295,ERROR,payment,Timeout
2026-01-30T16:14:22.759728,INFO,search,Cache hit
2026-01-30T16:14:22.961308,INFO,search,User login
2026-01-30T16:14:23.162098,WARN,search,Cache hit
2026-01-30T16:14:23.363176,INFO,orders,Request OK
2026-01-30T16:14:23.564903,INFO,orders,Cache hit
2026-01-30T16:14:23.766365,INFO,auth,User login
2026-01-30T16:14:23.967193,ERROR,orders,DB failure
2026-01-30T16:14:24.168761,INFO,payment,Request OK
2026-01-30T16:14:24.370616,ERROR,search,DB failure
2026-01-30T16:14:24.571801,INFO,orders,User login
2026-01-30T16:14:24.772742,INFO,search,Request OK
2026-01-30T16:14:24.973891,INFO,payment,User login
2026-01-30T16:14:25.174828,INFO,auth,Cache hit
2026-01-30T16:14:25.376210,INFO,payment,Request OK
2026-01-30T16:14:25.577378,INFO,orders,Request OK
2026-01-30T16:14:25.778103,INFO,orders,User login
2026-01-30T16:14:25.979498,ERROR,payment,Null pointer
2026-01-30T16:14:26.181776,INFO,orders,User login
2026-01-30T16:14:26.382898,ERROR,auth,DB failure
2026-01-30T16:14:26.583866,INFO,auth,User login
2026-01-30T16:14:26.785064,INFO,auth,Request OK
2026-01-30T16:14:26.986341,INFO,auth,Cache hit
2026-01-30T16:14:27.188273,INFO,auth,Request OK
2026-01-30T16:14:27.389472,INFO,auth,User login
2026-01-30T16:14:27.590203,INFO,orders,Cache hit
2026-01-30T16:14:27.792396,INFO,payment,Request OK
2026-01-30T16:14:27.993293,INFO,auth,Cache hit
2026-01-30T16:14:28.194132,INFO,orders,Request OK
2026-01-30T16:14:28.396648,INFO,payment,Cache hit
2026-01-30T16:14:28.598043,INFO,payment,Request OK
2026-01-30T16:14:28.800233,INFO,orders,Cache hit
2026-01-30T16:14:29.001618,INFO,orders,Request OK
2026-01-30T16:14:29.202418,INFO,search,Request OK
2026-01-30T16:14:29.403104,INFO,auth,Request OK
2026-01-30T16:14:29.603599,INFO,payment,Request OK
2026-01-30T16:14:29.804134,INFO,orders,Cache hit
2026-01-30T16:14:30.004594,WARN,orders,User login
2026-01-30T16:14:30.205682,INFO,orders,User login
2026-01-30T16:14:30.406633,INFO,payment,Cache hit
2026-01-30T16:14:30.607434,INFO,orders,Request OK
2026-01-30T16:14:30.808257,INFO,payment,User login
2026-01-30T16:14:31.008928,INFO,search,Request OK
2026-01-30T16:14:31.209670,WARN,orders,Cache hit
2026-01-30T16:14:31.410438,INFO,search,Cache hit
2026-01-30T16:14:31.611040,ERROR,search,DB failure
2026-01-30T16:14:31.811826,INFO,auth,Request OK
2026-01-30T16:14:32.012225,INFO,search,User login
2026-01-30T16:14:32.212939,INFO,payment,Request OK
2026-01-30T16:14:32.413597,ERROR,auth,DB failure
2026-01-30T16:14:32.614258,INFO,payment,User login
2026-01-30T16:14:32.815207,INFO,auth,Cache hit
2026-01-30T16:14:33.016205,WARN,payment,User login
2026-01-30T16:14:33.217536,INFO,orders,User login
2026-01-30T16:14:33.418487,INFO,payment,User login
2026-01-30T16:14:33.619187,INFO,search,Cache hit
2026-01-30T16:14:33.820077,INFO,search,Request OK
2026-01-30T16:14:34.021050,INFO,auth,Request OK
2026-01-30T16:14:34.221812,INFO,payment,User login
2026-01-30T16:14:34.422356,INFO,auth,Cache hit
2026-01-30T16:14:34.623205,INFO,search,Request OK
2026-01-30T16:14:34.824059,ERROR,orders,Null pointer
2026-01-30T16:14:35.025844,INFO,orders,Cache hit
2026-01-30T16:14:35.227013,WARN,payment,Cache hit
2026-01-30T16:14:35.428050,INFO,auth,User login
2026-01-30T16:14:35.629262,INFO,auth,Request OK
2026-01-30T16:14:35.830569,INFO,auth,User login
2026-01-30T16:14:36.032154,INFO,payment,Request OK
2026-01-30T16:14:36.233441,INFO,payment,Request OK
2026-01-30T16:14:36.435045,INFO,search,User login
2026-01-30T16:14:36.636236,WARN,orders,Request OK
2026-01-30T16:14:36.837168,INFO,search,Cache hit
2026-01-30T16:14:37.037848,INFO,search,User login
2026-01-30T16:14:37.238996,INFO,auth,User login
2026-01-30T16:14:37.439923,INFO,auth,Request OK
2026-01-30T16:14:37.640742,INFO,orders,Cache hit
2026-01-30T16:14:37.841537,INFO,payment,Cache hit
2026-01-30T16:14:38.042736,INFO,auth,User login
2026-01-30T16:14:38.243926,INFO,orders,Cache hit
2026-01-30T16:14:38.444650,WARN,orders,User login
2026-01-30T16:14:38.645610,INFO,payment,User login
2026-01-30T16:14:38.846766,INFO,orders,Cache hit
2026-01-30T16:14:39.047465,INFO,auth,User login
2026-01-30T16:14:39.249136,INFO,auth,Request OK
2026-01-30T16:14:39.450345,INFO,search,Request OK
2026-01-30T16:14:39.651000,INFO,payment,User login
2026-01-30T16:14:39.851924,INFO,orders,Request OK
2026-01-30T16:14:40.053291,INFO,search,User login
2026-01-30T16:14:40.255399,INFO,auth,Request OK
2026-01-30T16:14:40.456428,INFO,payment,Cache hit
2026-01-30T16:14:40.657053,INFO,payment,Request OK
2026-01-30T16:14:40.858409,INFO,payment,Request OK
2026-01-30T16:14:41.059467,INFO,payment,Cache hit
2026-01-30T16:14:41.260473,INFO,auth,Request OK
2026-01-30T16:14:41.461148,INFO,orders,Cache hit
2026-01-30T16:14:41.662304,INFO,auth,User login
2026-01-30T16:14:41.863176,INFO,auth,Cache hit
2026-01-30T16:14:42.064334,INFO,orders,User login
2026-01-30T16:14:42.265481,INFO,payment,User login
2026-01-30T16:14:42.466270,INFO,payment,User login
2026-01-30T16:14:42.667625,INFO,orders,Cache hit
2026-01-30T16:14:42.868473,INFO,orders,Cache hit
2026-01-30T16:14:43.069142,WARN,payment,Cache hit
2026-01-30T16:14:43.270354,INFO,search,User login
2026-01-30T16:14:43.471881,WARN,search,User login
2026-01-30T16:14:43.673678,INFO,auth,Request OK
2026-01-30T16:14:43.875119,WARN,orders,Request OK
2026-01-30T16:14:44.076429,INFO,orders,Request OK
2026-01-30T16:14:44.277582,INFO,payment,Request OK
2026-01-30T16:14:44.478434,INFO,auth,Request OK
2026-01-30T16:14:44.679396,INFO,payment,Request OK
2026-01-30T16:14:44.880974,WARN,payment,Cache hit
2026-01-30T16:14:45.081972,INFO,search,Request OK
2026-01-30T16:14:45.283229,WARN,auth,Request OK
2026-01-30T16:14:45.484364,INFO,orders,Request OK
2026-01-30T16:14:45.685823,INFO,orders,User login
2026-01-30T16:14:45.886642,INFO,auth,Request OK
2026-01-30T16:14:46.088079,INFO,payment,User login
2026-01-30T16:14:46.290006,WARN,search,User login
2026-01-30T16:14:46.492158,INFO,orders,Cache hit
2026-01-30T16:14:46.693199,INFO,orders,Request OK
2026-01-30T16:14:46.894274,INFO,search,Request OK
2026-01-30T16:14:47.095294,INFO,search,User login
2026-01-30T16:14:47.296227,INFO,search,Cache hit
2026-01-30T16:14:47.496953,INFO,payment,Request OK
2026-01-30T16:14:47.698874,INFO,auth,Request OK
2026-01-30T16:14:47.899934,INFO,payment,Cache hit
2026-01-30T16:14:48.101292,INFO,orders,Cache hit
2026-01-30T16:14:48.301970,INFO,search,User login
2026-01-30T16:14:48.503330,WARN,search,User login
2026-01-30T16:14:48.704475,INFO,auth,Request OK
2026-01-30T16:14:48.905634,INFO,payment,User login
2026-01-30T16:14:49.106975,INFO,search,User login
2026-01-30T16:14:49.308238,WARN,auth,Request OK
2026-01-30T16:14:49.509111,INFO,search,Cache hit
2026-01-30T16:14:49.710591,INFO,search,Request OK
2026-01-30T16:14:49.911712,ERROR,orders,Timeout
2026-01-30T16:14:50.112679,INFO,auth,Cache hit
2026-01-30T16:14:50.313732,INFO,auth,Cache hit
2026-01-30T16:14:50.514530,WARN,orders,Request OK
2026-01-30T16:14:50.715705,INFO,payment,Cache hit
2026-01-30T16:14:50.917142,INFO,payment,Cache hit
2026-01-30T16:14:51.118379,INFO,payment,Cache hit
2026-01-30T16:14:51.319460,INFO,search,Cache hit
2026-01-30T16:14:51.520590,INFO,orders,Cache hit
2026-01-30T16:14:51.721667,INFO,payment,Request OK
2026-01-30T16:14:51.922605,INFO,orders,User login
2026-01-30T16:14:52.123276,INFO,orders,Request OK
2026-01-30T16:14:52.324320,ERROR,orders,Timeout
2026-01-30T16:14:52.525476,INFO,search,User login
2026-01-30T16:14:52.727411,INFO,auth,Request OK
2026-01-30T16:14:52.928849,INFO,search,User login
2026-01-30T16:14:53.130074,INFO,search,User login
2026-01-30T16:14:53.330977,INFO,search,User login
2026-01-30T16:14:53.531664,INFO,payment,User login
2026-01-30T16:14:53.732651,INFO,payment,Cache hit
2026-01-30T16:14:53.933980,INFO,payment,Cache hit
2026-01-30T16:14:54.135280,INFO,payment,Cache hit
2026-01-30T16:14:54.336110,INFO,auth,User login
2026-01-30T16:14:54.537018,INFO,payment,Cache hit
2026-01-30T16:14:54.737892,INFO,orders,User login
2026-01-30T16:14:54.939925,INFO,payment,Request OK
2026-01-30T16:14:55.140749,INFO,orders,Request OK
2026-01-30T16:14:55.341626,INFO,orders,Cache hit
2026-01-30T16:14:55.542598,INFO,search,User login
2026-01-30T16:14:55.743926,ERROR,payment,DB failure
2026-01-30T16:14:55.945203,INFO,auth,User login
2026-01-30T16:14:56.146297,ERROR,orders,Null pointer
2026-01-30T16:14:56.347668,INFO,auth,Request OK
2026-01-30T16:14:56.548461,INFO,search,Cache hit
2026-01-30T16:14:56.750461,WARN,auth,User login
2026-01-30T16:14:56.951582,INFO,auth,User login
2026-01-30T16:14:57.152277,INFO,payment,Request OK
2026-01-30T16:14:57.355600,INFO,auth,User login
2026-01-30T16:14:57.557165,ERROR,auth,Timeout
2026-01-30T16:14:57.759233,INFO,auth,Cache hit
2026-01-30T16:14:57.960390,WARN,search,User login
2026-01-30T16:14:58.162004,INFO,search,Request OK
2026-01-30T16:14:58.364155,INFO,auth,User login
2026-01-30T16:14:58.565615,WARN,search,User login
2026-01-30T16:14:58.767469,INFO,orders,User login
2026-01-30T16:14:58.969127,INFO,orders,Cache hit
2026-01-30T16:14:59.170535,INFO,auth,Cache hit
2026-01-30T16:14:59.371425,ERROR,search,Null pointer
2026-01-30T16:14:59.572752,INFO,orders,User login
2026-01-30T16:14:59.774898,INFO,auth,Request OK
2026-01-30T16:14:59.976764,INFO,orders,User login
2026-01-30T16:15:00.178503,INFO,orders,Cache hit
2026-01-30T16:15:00.379506,INFO,search,User login
2026-01-30T16:15:00.580405,INFO,payment,User login
2026-01-30T16:15:00.781595,INFO,payment,Request OK
2026-01-30T16:15:00.983361,INFO,search,Request OK
2026-01-30T16:15:01.184697,INFO,payment,Request OK
2026-01-30T16:15:01.386655,INFO,auth,Cache hit
2026-01-30T16:15:01.587142,INFO,orders,User login
2026-01-30T16:15:01.788627,INFO,payment,Cache hit
2026-01-30T16:15:01.989383,INFO,orders,Request OK
2026-01-30T16:15:02.190598,INFO,orders,User login
2026-01-30T16:15:02.391551,INFO,payment,Cache hit
2026-01-30T16:15:02.592687,INFO,search,Cache hit
2026-01-30T16:15:02.794117,INFO,payment,Cache hit
2026-01-30T16:15:02.996246,INFO,auth,User login
2026-01-30T16:15:03.197297,INFO,orders,Request OK
2026-01-30T16:15:03.397848,INFO,search,User login
2026-01-30T16:15:03.599285,WARN,auth,User login
2026-01-30T16:15:03.800368,INFO,payment,User login
2026-01-30T16:15:04.002037,INFO,orders,Request OK
2026-01-30T16:15:04.203663,INFO,auth,User login
2026-01-30T16:15:04.405195,INFO,auth,Request OK
2026-01-30T16:15:04.606159,INFO,search,User login
2026-01-30T16:15:04.807229,WARN,orders,Cache hit
2026-01-30T16:15:05.008940,INFO,auth,User login
2026-01-30T16:15:05.209521,INFO,payment,User login
2026-01-30T16:15:05.410397,INFO,auth,Cache hit
2026-01-30T16:15:05.611468,INFO,search,Cache hit
2026-01-30T16:15:05.812370,INFO,auth,User login
2026-01-30T16:15:06.013240,INFO,orders,Cache hit
2026-01-30T16:15:06.214227,INFO,auth,User login
2026-01-30T16:15:06.415042,INFO,search,Request OK
2026-01-30T16:15:06.616045,INFO,orders,Cache hit
2026-01-30T16:15:06.817484,INFO,orders,User login
2026-01-30T16:15:07.019204,INFO,payment,Request OK
2026-01-30T16:15:07.219869,INFO,payment,Cache hit
2026-01-30T16:15:07.420604,ERROR,payment,Null pointer
2026-01-30T16:15:07.621432,ERROR,payment,Timeout
2026-01-30T16:15:07.823413,INFO,search,Request OK
2026-01-30T16:15:08.024134,INFO,auth,User login
2026-01-30T16:15:08.225327,ERROR,search,Null pointer
2026-01-30T16:15:08.426171,INFO,orders,User login
2026-01-30T16:15:08.627553,WARN,orders,Request OK
2026-01-30T16:15:08.828939,INFO,orders,User login
2026-01-30T16:15:09.029871,INFO,payment,Request OK
2026-01-30T16:15:09.230945,ERROR,orders,DB failure
2026-01-30T16:15:09.432678,INFO,orders,User login
2026-01-30T16:15:09.634732,ERROR,payment,DB failure
2026-01-30T16:15:09.835566,INFO,payment,User login
2026-01-30T16:15:10.036019,INFO,search,User login
2026-01-30T16:15:10.237229,INFO,orders,Request OK
2026-01-30T16:15:10.438403,INFO,orders,Cache hit
2026-01-30T16:15:10.640121,INFO,search,Request OK
2026-01-30T16:15:10.841147,ERROR,orders,Timeout
2026-01-30T16:15:11.043100,INFO,payment,Request OK
2026-01-30T16:15:11.244346,INFO,orders,Request OK
2026-01-30T16:15:11.445798,INFO,payment,User login
2026-01-30T16:15:11.647869,INFO,search,Cache hit
2026-01-30T16:15:11.848647,ERROR,auth,Null pointer
2026-01-30T16:15:12.050107,INFO,orders,User login
2026-01-30T16:15:12.251774,INFO,search,User login
2026-01-30T16:15:12.453337,INFO,payment,Cache hit
2026-01-30T16:15:12.654588,INFO,auth,Cache hit
2026-01-30T16:15:12.856847,INFO,payment,Cache hit
2026-01-30T16:15:13.058583,WARN,orders,User login
2026-01-30T16:15:13.261094,INFO,payment,Cache hit
2026-01-30T16:15:13.462136,INFO,payment,User login
2026-01-30T16:15:13.663559,INFO,search,Request OK
2026-01-30T16:15:13.865522,INFO,payment,Request OK
2026-01-30T16:15:14.067495,INFO,payment,Request OK
2026-01-30T16:15:14.269462,ERROR,orders,DB failure
2026-01-30T16:15:14.471566,INFO,search,Cache hit
2026-01-30T16:15:14.672237,INFO,payment,Request OK
2026-01-30T16:15:14.874061,INFO,search,Cache hit
2026-01-30T16:15:15.074993,INFO,search,Request OK
2026-01-30T16:15:15.276513,INFO,search,Request OK
2026-01-30T16:15:15.477234,INFO,payment,User login
2026-01-30T16:15:15.679189,WARN,auth,Request OK
2026-01-30T16:15:15.880949,INFO,search,Cache hit
2026-01-30T16:15:16.082675,ERROR,payment,DB failure
2026-01-30T16:15:16.285247,INFO,search,User login
2026-01-30T16:15:16.486398,WARN,orders,Request OK
2026-01-30T16:15:16.687338,INFO,search,User login
2026-01-30T16:15:16.888432,INFO,orders,Request OK
2026-01-30T16:15:17.089238,ERROR,orders,Null pointer
2026-01-30T16:15:17.290706,INFO,auth,Request OK
2026-01-30T16:15:17.492072,INFO,orders,Cache hit
2026-01-30T16:15:17.694325,ERROR,auth,Timeout
2026-01-30T16:15:17.895660,INFO,orders,User login
2026-01-30T16:15:18.096423,INFO,payment,User login
2026-01-30T16:15:18.298743,INFO,orders,Request OK
2026-01-30T16:15:18.499598,INFO,search,User login
2026-01-30T16:15:18.701294,INFO,payment,Cache hit
2026-01-30T16:15:18.901947,INFO,auth,Request OK
2026-01-30T16:15:19.103143,INFO,auth,User login
2026-01-30T16:15:19.304628,INFO,payment,User login
2026-01-30T16:15:19.505743,INFO,auth,User login
2026-01-30T16:15:19.706871,INFO,orders,User login
2026-01-30T16:15:19.908400,INFO,orders,Request OK
2026-01-30T16:15:20.110430,INFO,search,User login
2026-01-30T16:15:20.311911,INFO,orders,Request OK
2026-01-30T16:15:20.512958,INFO,payment,Cache hit
2026-01-30T16:15:20.713875,INFO,auth,Cache hit
2026-01-30T16:15:20.915006,INFO,orders,Request OK
2026-01-30T16:15:21.115715,INFO,auth,User login
2026-01-30T16:15:21.316443,INFO,payment,User login
2026-01-30T16:15:21.517005,INFO,payment,Cache hit
2026-01-30T16:15:21.718522,INFO,orders,Cache hit
2026-01-30T16:15:21.920284,INFO,auth,Cache hit
2026-01-30T16:15:22.121489,INFO,auth,User login
2026-01-30T16:15:22.322627,INFO,search,Cache hit
2026-01-30T16:15:22.523624,ERROR,search,Timeout
2026-01-30T16:15:22.724763,INFO,search,Cache hit
2026-01-30T16:15:22.925830,INFO,search,Request OK
2026-01-30T16:15:23.126709,INFO,payment,Cache hit
2026-01-30T16:15:23.327901,INFO,search,Cache hit
2026-01-30T16:15:23.529068,WARN,auth,User login
2026-01-30T16:15:23.730229,INFO,payment,User login
2026-01-30T16:15:23.930878,INFO,payment,User login
2026-01-30T16:15:24.131583,INFO,auth,Cache hit
2026-01-30T16:15:24.332358,INFO,payment,Request OK
2026-01-30T16:15:24.533590,INFO,auth,User login
2026-01-30T16:15:24.734886,INFO,payment,User login
2026-01-30T16:15:24.935939,INFO,search,Request OK
2026-01-30T16:15:25.136732,INFO,auth,User login
2026-01-30T16:15:25.337579,ERROR,search,DB failure
2026-01-30T16:15:25.538526,INFO,orders,Cache hit
2026-01-30T16:15:25.739358,INFO,search,Request OK
2026-01-30T16:15:25.941037,INFO,search,Request OK
2026-01-30T16:15:26.142199,INFO,payment,Request OK
2026-01-30T16:15:26.343262,ERROR,orders,DB failure
2026-01-30T16:15:26.544223,INFO,auth,Request OK
2026-01-30T16:15:26.745067,INFO,auth,Cache hit
2026-01-30T16:15:26.946762,INFO,orders,Cache hit
2026-01-30T16:15:27.147748,INFO,payment,User login
2026-01-30T16:15:27.349303,WARN,payment,User login
2026-01-30T16:15:27.550176,INFO,auth,User login
2026-01-30T16:15:27.751363,INFO,auth,Cache hit
2026-01-30T16:15:27.952463,INFO,search,Cache hit
2026-01-30T16:15:28.153972,WARN,auth,User login
2026-01-30T16:15:28.355238,WARN,search,User login
2026-01-30T16:15:28.556274,INFO,orders,Cache hit
2026-01-30T16:15:28.757380,INFO,orders,Cache hit
2026-01-30T16:15:28.959203,INFO,orders,Request OK
2026-01-30T16:15:29.160647,INFO,auth,Request OK
2026-01-30T16:15:29.361324,INFO,payment,Request OK
2026-01-30T16:15:29.562008,INFO,search,Request OK
2026-01-30T16:15:29.762712,INFO,search,User login
2026-01-30T16:15:29.963998,INFO,orders,Cache hit
2026-01-30T16:15:30.164834,INFO,orders,Cache hit
2026-01-30T16:15:30.365736,INFO,payment,User login
2026-01-30T16:15:30.566633,INFO,orders,Request OK
2026-01-30T16:15:30.768318,INFO,payment,Cache hit
2026-01-30T16:15:30.969090,INFO,auth,Cache hit
2026-01-30T16:15:31.170121,INFO,auth,Cache hit
2026-01-30T16:15:31.371045,INFO,search,Request OK
2026-01-30T16:15:31.571964,INFO,payment,Request OK
2026-01-30T16:15:31.772718,INFO,orders,Request OK
2026-01-30T16:15:31.974348,INFO,payment,Cache hit
2026-01-30T16:15:32.175222,INFO,orders,Request OK
2026-01-30T16:15:32.376249,INFO,auth,Cache hit
2026-01-30T16:15:32.577327,ERROR,orders,Timeout
2026-01-30T16:15:32.778892,INFO,search,Cache hit
2026-01-30T16:15:32.980390,INFO,search,User login
2026-01-30T16:15:33.182052,WARN,auth,User login
2026-01-30T16:15:33.383814,INFO,orders,Request OK
2026-01-30T16:15:33.584743,INFO,orders,Request OK
2026-01-30T16:15:33.785837,INFO,auth,Cache hit
2026-01-30T16:15:33.986662,INFO,payment,User login
2026-01-30T16:15:34.187916,WARN,orders,Request OK
2026-01-30T16:15:34.388957,INFO,orders,Request OK
2026-01-30T16:15:34.589880,INFO,auth,User login
2026-01-30T16:15:34.791317,INFO,search,User login
2026-01-30T16:15:34.991895,INFO,payment,User login
2026-01-30T16:15:35.192769,ERROR,orders,DB failure
2026-01-30T16:15:35.393362,ERROR,payment,DB failure
2026-01-30T16:15:35.594924,INFO,payment,Request OK
2026-01-30T16:15:35.795952,WARN,auth,Request OK
2026-01-30T16:15:35.996523,WARN,auth,User login
2026-01-30T16:15:36.197173,INFO,auth,User login
2026-01-30T16:15:36.397948,INFO,auth,Request OK
2026-01-30T16:15:36.598880,ERROR,orders,Null pointer
2026-01-30T16:15:36.799468,INFO,search,Cache hit
2026-01-30T16:15:37.000725,ERROR,auth,DB failure
2026-01-30T16:15:37.201465,INFO,auth,User login
2026-01-30T16:15:37.402689,INFO,auth,User login
2026-01-30T16:15:37.603610,INFO,payment,User login
2026-01-30T16:15:37.804592,INFO,auth,Cache hit
2026-01-30T16:15:38.005871,INFO,auth,Cache hit
2026-01-30T16:15:38.207446,INFO,orders,Cache hit
2026-01-30T16:15:38.408224,INFO,search,Request OK
2026-01-30T16:15:38.608977,INFO,auth,User login
2026-01-30T16:15:38.810673,INFO,search,Cache hit
2026-01-30T16:15:39.011770,WARN,search,User login
2026-01-30T16:15:39.213405,INFO,auth,Cache hit
2026-01-30T16:15:39.415433,INFO,search,Cache hit
2026-01-30T16:15:39.616836,INFO,orders,Cache hit
2026-01-30T16:15:39.818153,INFO,orders,Request OK
2026-01-30T16:15:40.019017,INFO,orders,Request OK
2026-01-30T16:15:40.219979,INFO,orders,User login
2026-01-30T16:15:40.421428,INFO,search,Cache hit
2026-01-30T16:15:40.622666,INFO,payment,Request OK
2026-01-30T16:15:40.823865,INFO,search,Cache hit
2026-01-30T16:15:41.025139,ERROR,orders,DB failure
2026-01-30T16:15:41.226065,INFO,orders,User login
2026-01-30T16:15:41.427109,INFO,search,Request OK
2026-01-30T16:15:41.628067,INFO,orders,User login
2026-01-30T16:15:41.828912,INFO,auth,Cache hit
2026-01-30T16:15:42.029492,ERROR,orders,Null pointer
2026-01-30T16:15:42.230073,INFO,orders,User login
2026-01-30T16:15:42.430732,INFO,auth,Cache hit
2026-01-30T16:15:42.631920,WARN,orders,User login
2026-01-30T16:15:42.832842,INFO,orders,User login
2026-01-30T16:15:43.033771,INFO,auth,Request OK
2026-01-30T16:15:43.234709,INFO,payment,Cache hit
2026-01-30T16:15:43.435325,INFO,payment,Request OK
2026-01-30T16:15:43.636343,INFO,payment,User login
2026-01-30T16:15:43.837531,INFO,search,Request OK
2026-01-30T16:15:44.039615,INFO,auth,Cache hit
2026-01-30T16:15:44.240597,INFO,search,Request OK
2026-01-30T16:15:44.441889,INFO,search,Request OK
2026-01-30T16:15:44.643236,INFO,search,Cache hit
2026-01-30T16:15:44.844478,INFO,orders,Cache hit
2026-01-30T16:15:45.045794,ERROR,auth,Null pointer
2026-01-30T16:15:45.247025,INFO,orders,User login
2026-01-30T16:15:45.448748,INFO,search,Cache hit
2026-01-30T16:15:45.649813,INFO,payment,Request OK
2026-01-30T16:15:45.850733,INFO,orders,User login
2026-01-30T16:15:46.051769,INFO,search,Cache hit
2026-01-30T16:15:46.252928,INFO,orders,Request OK
2026-01-30T16:15:46.454294,INFO,auth,User login
2026-01-30T16:15:46.656035,INFO,orders,Cache hit
2026-01-30T16:15:46.857171,INFO,auth,Cache hit
2026-01-30T16:15:47.058203,INFO,payment,Cache hit
2026-01-30T16:15:47.259108,INFO,orders,Cache hit
2026-01-30T16:15:47.460207,ERROR,auth,Null pointer
2026-01-30T16:15:47.661442,WARN,auth,User login
2026-01-30T16:15:47.862400,INFO,payment,Request OK
2026-01-30T16:15:48.063066,INFO,payment,User login
2026-01-30T16:15:48.264213,INFO,auth,User login
2026-01-30T16:15:48.465222,INFO,auth,Request OK
2026-01-30T16:15:48.666778,INFO,search,Request OK
2026-01-30T16:15:48.868448,INFO,payment,Cache hit
2026-01-30T16:15:49.070502,INFO,payment,Cache hit
2026-01-30T16:15:49.271774,WARN,orders,Request OK
2026-01-30T16:15:49.472833,ERROR,payment,DB failure
2026-01-30T16:15:49.674039,INFO,auth,Cache hit
2026-01-30T16:15:49.874486,WARN,auth,User login
2026-01-30T16:15:50.075461,INFO,payment,Request OK
2026-01-30T16:15:50.276631,INFO,auth,User login
2026-01-30T16:15:50.478069,ERROR,auth,Null pointer
2026-01-30T16:15:50.678974,INFO,orders,Request OK
2026-01-30T16:15:50.880321,INFO,orders,User login
2026-01-30T16:15:51.080912,INFO,search,Request OK
2026-01-30T16:15:51.281827,INFO,payment,User login
2026-01-30T16:15:51.482390,ERROR,search,Timeout
2026-01-30T16:15:51.683183,ERROR,orders,DB failure
2026-01-30T16:15:51.884233,INFO,payment,Request OK
2026-01-30T16:15:52.085088,INFO,orders,Request OK
2026-01-30T16:15:52.285899,INFO,search,Request OK
2026-01-30T16:15:52.487120,INFO,search,Request OK
2026-01-30T16:15:52.688034,INFO,auth,User login
2026-01-30T16:15:52.889307,INFO,payment,Cache hit
2026-01-30T16:15:53.090030,INFO,orders,User login
2026-01-30T16:15:53.290823,INFO,search,Request OK
2026-01-30T16:15:53.492161,INFO,payment,User login
2026-01-30T16:15:53.693003,INFO,search,User login
2026-01-30T16:15:53.893789,INFO,search,User login
2026-01-30T16:15:54.094856,WARN,orders,Cache hit
2026-01-30T16:15:54.295418,INFO,auth,User login
2026-01-30T16:15:54.496612,INFO,orders,User login
2026-01-30T16:15:54.698351,INFO,search,User login
2026-01-30T16:15:54.899099,WARN,auth,Cache hit
2026-01-30T16:15:55.099849,WARN,orders,Cache hit
2026-01-30T16:15:55.301595,INFO,auth,User login
2026-01-30T16:15:55.502692,INFO,search,User login
2026-01-30T16:15:55.703814,INFO,auth,Request OK
2026-01-30T16:15:55.904721,ERROR,auth,Null pointer
2026-01-30T16:15:56.105440,INFO,orders,User login
2026-01-30T16:15:56.306420,WARN,auth,Request OK
2026-01-30T16:15:56.508054,INFO,search,User login
2026-01-30T16:15:56.709593,INFO,auth,User login
2026-01-30T16:15:56.910148,INFO,orders,Request OK
2026-01-30T16:15:57.110763,INFO,payment,Request OK
2026-01-30T16:15:57.312289,INFO,orders,Request OK
2026-01-30T16:15:57.513955,INFO,orders,Cache hit
2026-01-30T16:15:57.714952,INFO,payment,Request OK
2026-01-30T16:15:57.916678,ERROR,auth,DB failure
2026-01-30T16:15:58.117553,ERROR,auth,Timeout
2026-01-30T16:15:58.319286,WARN,search,Request OK
2026-01-30T16:15:58.520208,ERROR,auth,Timeout
2026-01-30T16:15:58.722114,INFO,search,User login
2026-01-30T16:15:58.922889,INFO,search,Cache hit
2026-01-30T16:15:59.123822,INFO,orders,Request OK
2026-01-30T16:15:59.324803,INFO,payment,Cache hit
2026-01-30T16:15:59.525815,INFO,auth,Request OK
2026-01-30T16:15:59.726764,WARN,orders,Request OK
2026-01-30T16:15:59.928820,ERROR,search,DB failure
2026-01-30T16:16:00.130593,INFO,auth,Request OK
2026-01-30T16:16:00.331578,INFO,search,Request OK
2026-01-30T16:16:00.532473,INFO,auth,Cache hit
2026-01-30T16:16:00.733527,INFO,orders,User login
2026-01-30T16:16:00.935404,ERROR,auth,Null pointer
2026-01-30T16:16:01.136734,WARN,search,User login
2026-01-30T16:16:01.337748,INFO,orders,User login
2026-01-30T16:16:01.540504,INFO,orders,Request OK
2026-01-30T16:16:01.742080,INFO,payment,User login
2026-01-30T16:16:01.943804,INFO,auth,Cache hit
2026-01-30T16:16:02.144800,INFO,orders,User login
2026-01-30T16:16:02.345766,INFO,orders,User login
2026-01-30T16:16:02.546758,ERROR,orders,Null pointer
2026-01-30T16:16:02.748102,ERROR,auth,Timeout
2026-01-30T16:16:02.950795,INFO,payment,Cache hit
2026-01-30T16:16:03.151792,INFO,search,User login
2026-01-30T16:16:03.353711,INFO,payment,Request OK
2026-01-30T16:16:03.554453,INFO,auth,Request OK
2026-01-30T16:16:03.756251,WARN,orders,Cache hit
2026-01-30T16:16:03.959083,INFO,orders,Request OK
2026-01-30T16:16:04.160466,INFO,auth,Request OK
2026-01-30T16:16:04.361634,INFO,payment,User login
2026-01-30T16:16:04.563281,INFO,orders,Request OK
2026-01-30T16:16:04.764773,INFO,search,Cache hit
2026-01-30T16:16:04.965561,INFO,payment,User login
2026-01-30T16:16:05.166464,INFO,payment,Request OK
