2026-01-29T19:44:53.185694,INFO,auth,Request OK
2026-01-29T19:44:53.386844,INFO,orders,Request OK
2026-01-29T19:44:53.589375,INFO,search,Cache hit
2026-01-29T19:44:53.822051,ERROR,payment,DB failure
2026-01-29T19:44:54.027656,INFO,auth,Cache hit
2026-01-29T19:44:54.231020,INFO,orders,Request OK
2026-01-29T19:44:54.432677,INFO,payment,Cache hit
2026-01-29T19:44:54.634972,INFO,payment,Request OK
2026-01-29T19:44:54.837545,INFO,search,Cache hit
2026-01-29T19:44:55.039672,INFO,payment,Cache hit
2026-01-29T19:44:55.242646,ERROR,orders,DB failure
2026-01-29T19:44:55.447981,INFO,auth,User login
2026-01-29T19:44:55.650617,WARN,search,Cache hit
2026-01-29T19:44:55.853642,INFO,orders,User login
2026-01-29T19:44:56.056634,INFO,payment,Cache hit
2026-01-29T19:44:56.261632,INFO,payment,Request OK
2026-01-29T19:44:56.464670,INFO,payment,Cache hit
2026-01-29T19:44:56.667124,WARN,orders,Request OK
2026-01-29T19:44:56.869692,INFO,payment,Cache hit
2026-01-29T19:44:57.073070,INFO,payment,User login
2026-01-29T19:44:57.275490,WARN,orders,Request OK
2026-01-29T19:44:57.478260,WARN,search,Cache hit
2026-01-29T19:44:57.680235,INFO,payment,Request OK
2026-01-29T19:44:57.882308,ERROR,auth,Timeout
2026-01-29T19:44:58.083527,ERROR,payment,Null pointer
2026-01-29T19:44:58.284378,INFO,auth,Request OK
2026-01-29T19:44:58.489181,INFO,orders,User login
2026-01-29T19:44:58.691768,ERROR,auth,DB failure
2026-01-29T19:44:58.894331,INFO,payment,User login
